{"cameraMode":{"drawMode":0,"name":"Shaded","section":"Shading Mode"},"sceneLighting":true,"audioPlay":false,"sceneViewState":{"m_AlwaysRefresh":false,"showFog":true,"showSkybox":true,"showFlares":true,"showImageEffects":true,"showParticleSystems":true,"showVisualEffectGraphs":true,"m_FxEnabled":true},"in2DMode":false,"pivot":{"x":415.43243408203127,"y":-475.7718505859375,"z":1566.9342041015625},"rotation":{"x":-0.16981233656406403,"y":0.00992677267640829,"z":-0.0032918755896389486,"w":-0.987677276134491},"size":1101.45361328125,"orthographic":false}