{"cameraMode":{"drawMode":0,"name":"Shaded","section":"Shading Mode"},"sceneLighting":false,"audioPlay":false,"sceneViewState":{"m_AlwaysRefresh":false,"showFog":true,"showSkybox":false,"showFlares":true,"showImageEffects":true,"showParticleSystems":true,"showVisualEffectGraphs":true,"m_FxEnabled":true},"in2DMode":false,"pivot":{"x":-0.03900004178285599,"y":0.3410000205039978,"z":-0.08400002121925354},"rotation":{"x":-0.33023685216903689,"y":0.6087668538093567,"z":-0.30746445059776308,"w":-0.6528887152671814},"size":0.46582508087158205,"orthographic":false}