{"cameraMode":{"drawMode":0,"name":"Shaded","section":"Shading Mode"},"sceneLighting":false,"audioPlay":false,"sceneViewState":{"m_AlwaysRefresh":false,"showFog":true,"showSkybox":false,"showFlares":true,"showImageEffects":true,"showParticleSystems":true,"showVisualEffectGraphs":true,"m_FxEnabled":true},"in2DMode":false,"pivot":{"x":0.0489690899848938,"y":0.3036234378814697,"z":-5.960464477539063e-8},"rotation":{"x":-0.03998185321688652,"y":-0.44913047552108767,"z":0.02066010795533657,"w":-0.8925880193710327},"size":1.1063799858093262,"orthographic":false}